{"cameraMode":{"drawMode":0,"name":"Shaded","section":"Shading Mode"},"sceneLighting":true,"audioPlay":false,"sceneViewState":{"showFog":true,"showMaterialUpdate":false,"showSkybox":true,"showFlares":true,"showImageEffects":true,"showParticleSystems":true},"in2DMode":false,"pivot":{"x":12.96395492553711,"y":2.245560646057129,"z":-1.3531183004379273},"rotation":{"x":0.24429918825626374,"y":-0.0276316087692976,"z":0.00696528097614646,"w":0.9692871570587158},"size":96.02552032470703,"orthographic":true}